{"cameraMode":{"drawMode":0,"name":"Shaded","section":"Shading Mode"},"sceneLighting":true,"audioPlay":false,"sceneViewState":{"m_AlwaysRefresh":false,"showFog":true,"showSkybox":true,"showFlares":true,"showImageEffects":true,"showParticleSystems":true,"showVisualEffectGraphs":true,"m_FxEnabled":true},"in2DMode":false,"pivot":{"x":438.82196044921877,"y":262.0159606933594,"z":78.1758804321289},"rotation":{"x":-0.07523861527442932,"y":0.0020917474757879974,"z":-0.00015806230658199638,"w":-0.9971532225608826},"size":259.7805480957031,"orthographic":false}